{"resources":{"Scripts/Axuiliary/Seeding/buyers_seeding.sql":{"default-datasource":"mysql8-193ad31d9cc-11e4d5892ac3fac9","default-catalog":"shop"},"Scripts/Axuiliary/Seeding/deals_seeding.sql":{"default-datasource":"mysql8-193ad31d9cc-11e4d5892ac3fac9","default-catalog":"shop"},"Scripts/Axuiliary/Seeding/sellers_seeding.sql":{"default-datasource":"mysql8-193ad31d9cc-11e4d5892ac3fac9","default-catalog":"shop"},"Scripts/Axuiliary/db_creation.sql":{"default-datasource":"mysql8-193ad31d9cc-11e4d5892ac3fac9"},"Scripts/Queries/FourthTask/select_avg_deals_price.sql":{"default-datasource":"mysql8-193ad31d9cc-11e4d5892ac3fac9","default-catalog":"shop"},"Scripts/Queries/FourthTask/select_richest_buyer.sql":{"default-datasource":"mysql8-193ad31d9cc-11e4d5892ac3fac9","default-catalog":"shop"},"Scripts/Queries/FourthTask/select_richest_product.sql":{"default-datasource":"mysql8-193ad31d9cc-11e4d5892ac3fac9","default-catalog":"shop"},"Scripts/Queries/FourthTask/select_richest_seller.sql":{"default-datasource":"mysql8-193ad31d9cc-11e4d5892ac3fac9","default-catalog":"shop"},"Scripts/Queries/SecondSection/select_all_buyers.sql":{"default-datasource":"mysql8-193ad31d9cc-11e4d5892ac3fac9","default-catalog":"shop"},"Scripts/Queries/SecondSection/select_all_deals.sql":{"default-datasource":"mysql8-193ad31d9cc-11e4d5892ac3fac9","default-catalog":"shop"},"Scripts/Queries/SecondSection/select_all_sellers.sql":{"default-datasource":"mysql8-193ad31d9cc-11e4d5892ac3fac9","default-catalog":"shop"},"Scripts/Queries/ThirdSection/select_all_informative_deals.sql":{"default-datasource":"mysql8-193ad31d9cc-11e4d5892ac3fac9","default-catalog":"shop"},"Scripts/Queries/ThirdSection/select_deals_by_buyer_name.sql":{"default-datasource":"mysql8-193ad31d9cc-11e4d5892ac3fac9","default-catalog":"shop"},"Scripts/Queries/ThirdSection/select_deals_by_date.sql":{"default-datasource":"mysql8-193ad31d9cc-11e4d5892ac3fac9","default-catalog":"shop"},"Scripts/Queries/ThirdSection/select_deals_by_date_range.sql":{"default-datasource":"mysql8-193ad31d9cc-11e4d5892ac3fac9","default-catalog":"shop"},"Scripts/Queries/ThirdSection/select_deals_by_seller_name.sql":{"default-datasource":"mysql8-193ad31d9cc-11e4d5892ac3fac9","default-catalog":"shop"},"Scripts/Tables/buyers.sql":{"default-datasource":"mysql8-193ad31d9cc-11e4d5892ac3fac9","default-catalog":"shop"},"Scripts/Tables/deals.sql":{"default-datasource":"mysql8-193ad31d9cc-11e4d5892ac3fac9","default-catalog":"shop"},"Scripts/Tables/sellers.sql":{"default-datasource":"mysql8-193ad31d9cc-11e4d5892ac3fac9","default-catalog":"shop"}}}