{"resources":{"Scripts/Axuiliary/Seeding/countries_seeding.sql":{"default-datasource":"mysql8-193add120c2-765fbaf9de0ba5ff","default-catalog":"countries_db"},"Scripts/Axuiliary/Seeding/populated_areas_seeding.sql":{"default-datasource":"mysql8-193add120c2-765fbaf9de0ba5ff","default-catalog":"countries_db"},"Scripts/Axuiliary/db_creation.sql":{"default-datasource":"mysql8-193add120c2-765fbaf9de0ba5ff"},"Scripts/Queries/FifthSection/delete/delete_populated_area.sql":{"default-datasource":"mysql8-193add120c2-765fbaf9de0ba5ff","default-catalog":"countries_db"},"Scripts/Queries/FifthSection/update/update_country.sql":{"default-datasource":"mysql8-193add120c2-765fbaf9de0ba5ff","default-catalog":"countries_db"},"Scripts/Queries/FifthSection/update/update_populated_area.sql":{"default-datasource":"mysql8-193add120c2-765fbaf9de0ba5ff","default-catalog":"countries_db"},"Scripts/Queries/FourthSection/select_all_distinct_area_names.sql":{"default-datasource":"mysql8-193add120c2-765fbaf9de0ba5ff","default-catalog":"countries_db"},"Scripts/Queries/FourthSection/select_countries_having_areas_number_in_range.sql":{"default-datasource":"mysql8-193add120c2-765fbaf9de0ba5ff","default-catalog":"countries_db"},"Scripts/Queries/FourthSection/select_same_areas_number.sql":{"default-datasource":"mysql8-193add120c2-765fbaf9de0ba5ff","default-catalog":"countries_db"},"Scripts/Queries/SecondSection/select_all_capital_areas.sql":{"default-datasource":"mysql8-193add120c2-765fbaf9de0ba5ff","default-catalog":"countries_db"},"Scripts/Queries/SecondSection/select_all_countries.sql":{"default-datasource":"mysql8-193add120c2-765fbaf9de0ba5ff","default-catalog":"countries_db"},"Scripts/Queries/SecondSection/select_areas_by_country.sql":{"default-datasource":"mysql8-193add120c2-765fbaf9de0ba5ff","default-catalog":"countries_db"},"Scripts/Queries/SecondSection/select_capital_area_by_country.sql":{"default-datasource":"mysql8-193add120c2-765fbaf9de0ba5ff","default-catalog":"countries_db"},"Scripts/Queries/ThirdSection/select_avg_population_in_area_by_country.sql":{"default-datasource":"mysql8-193add120c2-765fbaf9de0ba5ff","default-catalog":"countries_db"},"Scripts/Queries/ThirdSection/select_three_poor_countries_by_total_population.sql":{"default-datasource":"mysql8-193add120c2-765fbaf9de0ba5ff","default-catalog":"countries_db"},"Scripts/Queries/ThirdSection/select_three_rich_countries_by_areas_number.sql":{"default-datasource":"mysql8-193add120c2-765fbaf9de0ba5ff","default-catalog":"countries_db"},"Scripts/Queries/ThirdSection/select_three_rich_countries_by_total_population.sql":{"default-datasource":"mysql8-193add120c2-765fbaf9de0ba5ff","default-catalog":"countries_db"},"Scripts/Tables/countries.sql":{"default-datasource":"mysql8-193add120c2-765fbaf9de0ba5ff","default-catalog":"countries_db"},"Scripts/Tables/populated_areas.sql":{"default-datasource":"mysql8-193add120c2-765fbaf9de0ba5ff","default-catalog":"countries_db"}}}