{"resources":{"Scripts/Auxiliary/DbCreation.sql":{"default-datasource":"mysql8-193a85307af-5ed6af4c8c7ee64e"},"Scripts/Auxiliary/Seeding/NotebooksSeeding.sql":{"default-datasource":"mysql8-193a85307af-5ed6af4c8c7ee64e"},"Scripts/Queries/FifthSection/delete_notebook.sql":{"default-datasource":"mysql8-193a85307af-5ed6af4c8c7ee64e","default-catalog":"notebooks_db"},"Scripts/Queries/FifthSection/update_notebook.sql":{"default-datasource":"mysql8-193a85307af-5ed6af4c8c7ee64e","default-catalog":"notebooks_db"},"Scripts/Queries/FirstSection/select_all_maf_countries.sql":{"default-datasource":"mysql8-193a85307af-5ed6af4c8c7ee64e"},"Scripts/Queries/FirstSection/select_all_maf_name_notebooks_no.sql":{"default-datasource":"mysql8-193a85307af-5ed6af4c8c7ee64e"},"Scripts/Queries/FirstSection/select_maf_countries_notebooks_no.sql":{"default-datasource":"mysql8-193a85307af-5ed6af4c8c7ee64e"},"Scripts/Queries/FourthSection/select_notebooks_by_country.sql":{"default-datasource":"mysql8-193a85307af-5ed6af4c8c7ee64e","default-catalog":"notebooks_db"},"Scripts/Queries/FourthSection/select_notebooks_by_pages_no_range.sql":{"default-datasource":"mysql8-193a85307af-5ed6af4c8c7ee64e","default-catalog":"notebooks_db"},"Scripts/Queries/FourthSection/select_notebooks_by_wrapper_softness.sql":{"default-datasource":"mysql8-193a85307af-5ed6af4c8c7ee64e","default-catalog":"notebooks_db"},"Scripts/Queries/SecondSection/select_all.sql":{"default-datasource":"mysql8-193a85307af-5ed6af4c8c7ee64e"},"Scripts/Queries/ThirdSection/select_notebooks_with_hard_wrapper.sql":{"default-datasource":"mysql8-193a85307af-5ed6af4c8c7ee64e","default-catalog":"notebooks_db"},"Scripts/Queries/ThirdSection/select_notebooks_with_soft_wrapper.sql":{"default-datasource":"mysql8-193a85307af-5ed6af4c8c7ee64e","default-catalog":"notebooks_db"},"Scripts/Queries/ThirdSection/select_poorest_manf_country.sql":{"default-datasource":"mysql8-193a85307af-5ed6af4c8c7ee64e","default-catalog":"notebooks_db"},"Scripts/Queries/ThirdSection/select_poorest_manf_name.sql":{"default-datasource":"mysql8-193a85307af-5ed6af4c8c7ee64e","default-catalog":"notebooks_db"},"Scripts/Queries/ThirdSection/select_richest_manf_country.sql":{"default-datasource":"mysql8-193a85307af-5ed6af4c8c7ee64e"},"Scripts/Queries/ThirdSection/select_richest_manf_name.sql":{"default-datasource":"mysql8-193a85307af-5ed6af4c8c7ee64e","default-catalog":"notebooks_db"},"Scripts/Tables/Notebooks.sql":{"default-datasource":"mysql8-193a85307af-5ed6af4c8c7ee64e"}}}