{"resources":{"Scripts/Auxiliary/Seeding/cars_seeding.sql":{"default-datasource":"mysql8-193a9252430-7aa6173e768fa0ba","default-catalog":"car_showroom"},"Scripts/Auxiliary/db_creation.sql":{"default-datasource":"mysql8-193a9252430-7aa6173e768fa0ba"},"Scripts/Queries/FifthSection/delete_car.sql":{"default-datasource":"mysql8-193a9252430-7aa6173e768fa0ba","default-catalog":"car_showroom"},"Scripts/Queries/FifthSection/insert_car.sql":{"default-datasource":"mysql8-193a9252430-7aa6173e768fa0ba"},"Scripts/Queries/FifthSection/update_car.sql":{"default-datasource":"mysql8-193a9252430-7aa6173e768fa0ba","default-catalog":"car_showroom"},"Scripts/Queries/FourthSection/select_cars_by_color.sql":{"default-datasource":"mysql8-193a9252430-7aa6173e768fa0ba","default-catalog":"car_showroom"},"Scripts/Queries/FourthSection/select_cars_by_engine_capacity.sql":{"default-datasource":"mysql8-193a9252430-7aa6173e768fa0ba","default-catalog":"car_showroom"},"Scripts/Queries/FourthSection/select_cars_by_manf_name.sql":{"default-datasource":"mysql8-193a9252430-7aa6173e768fa0ba","default-catalog":"car_showroom"},"Scripts/Queries/FourthSection/select_cars_by_type.sql":{"default-datasource":"mysql8-193a9252430-7aa6173e768fa0ba","default-catalog":"car_showroom"},"Scripts/Queries/SecondSection/select_all.sql":{"default-datasource":"mysql8-193a9252430-7aa6173e768fa0ba","default-catalog":"car_showroom"},"Scripts/Queries/SecondSection/select_all_manf_names.sql":{"default-datasource":"mysql8-193a9252430-7aa6173e768fa0ba","default-catalog":"car_showroom"},"Scripts/Queries/SecondSection/select_all_manf_names_cars_number.sql":{"default-datasource":"mysql8-193a9252430-7aa6173e768fa0ba","default-catalog":"car_showroom"},"Scripts/Queries/ThirdSection/select_cars_by_issue_year.sql":{"default-datasource":"mysql8-193a9252430-7aa6173e768fa0ba","default-catalog":"car_showroom"},"Scripts/Queries/ThirdSection/select_cars_by_range_of_issue_years.sql":{"default-datasource":"mysql8-193a9252430-7aa6173e768fa0ba","default-catalog":"car_showroom"},"Scripts/Queries/ThirdSection/select_poorest_manf_name.sql":{"default-datasource":"mysql8-193a9252430-7aa6173e768fa0ba","default-catalog":"car_showroom"},"Scripts/Queries/ThirdSection/select_richest_manf_name.sql":{"default-datasource":"mysql8-193a9252430-7aa6173e768fa0ba","default-catalog":"car_showroom"},"Scripts/Tables/cars.sql":{"default-datasource":"mysql8-193a9252430-7aa6173e768fa0ba","default-catalog":"car_showroom"}}}